"","AAPL","MSFT","GOOGL","NKE","KO","TSLA","JNJ","V","GS","NFLX","AMT"
"1",0.0245132330545119,0.00919580662553643,-0.0544425246174101,0.0101019580041573,0.0211200619373821,-0.0576809525858156,0.00401853725163392,-0.0169419550544878,-0.0363151697602824,-0.0563134285973126,-0.00260881844226613
"2",-0.0537453625194172,-0.0201309538544971,0.0194520697975742,-0.0312531896722171,-0.0116200255258396,-0.0657601874034692,-0.00857664332962604,-0.0214180308812327,-0.0540166480055945,0.0244465580424131,-0.0200179170642816
"3",0.0670819207261839,0.0166520085414408,0.0514437545960993,0.0361329410076054,0.0110511667268542,0.0698192642518067,-0.0171088336755707,0.00619739071045311,0.0179991250151104,0.323768278379958,0.0445490538736029
"4",0.0488945426716514,-0.121888915934385,-0.00842148606349669,-0.0459783372410597,-0.0327903383427269,0.0212539578794482,-0.0139839727727724,-0.00463863402774845,-0.0273247977510779,-0.0122940009438149,-0.0384234129216229
"5",0.01317116843972,0.0261624857071772,-0.00548665894450739,-0.00815920474389131,-0.00865655238304963,0.0310040762538144,-0.0104134933306209,0.0396332019232224,0.0383496275173163,0.00453447086286207,-0.0117527725481384
"6",0.0677416581955073,0.0361224985880213,0.0297195801949977,0.00756815404134037,0.0140676541785298,-0.0603734122592097,0.00661452684281549,0.0222343991704217,0.0428052164301258,0.0606902220790144,-0.00496371757867997
"7",0.0339510430573393,0.0117026908636775,-0.0116694739546064,0.0387546730083652,0.00765377746114426,-0.00117445561963436,0.00960684087945385,0.00590689787425336,0.011578066417272,0.0104688692009636,-0.0163168590577345
"8",-0.021260323576926,-0.0183714849749131,0.0745196296474657,0.0297019383051371,0.0194636545341482,-0.022291877475182,0.0162859682561107,0.010386727066531,-0.00181821419869244,-0.00035795992676646,0.0383516556087882
"9",-0.0374923068221529,-0.0288818445144852,-0.0327234737046779,-0.0149022490947801,-0.0526194326044137,-0.0463018641010222,-0.0274578119587937,-0.0366872780597346,-0.0447537723836903,-0.0835246557611899,-0.0377493029508132
"10",0.020319600168291,-0.00785156777188434,-0.00400103599178359,0.000310697686516148,0.00383717730462352,0.0231715006305169,0.00361734847345052,-0.00263966911631963,0.0430189248083022,-0.0380177588196365,-0.00475848108054167
"11",-0.00275481124245347,0.0287768553536538,0.0357418254428068,0.0425729879042105,-0.000987096311886426,0.035895855800339,0.0207224370006449,0.0147449319820638,0.00372563961545036,0.0472139909016054,0.0322994233962299
"12",-0.0178390632077619,-0.0522141768257309,-0.039547042991064,-0.00317936613834935,0.00197677691077436,-0.0641978732897086,-0.0133382839168928,-0.0251861872387649,-0.0173045495992158,-0.0492607363828331,-0.0309797597954919
"13",0.00940282676726145,0.0186912734232692,-0.0105643407043685,0.00508313908202918,0.00838430027039538,0.100121838742336,-0.00437384322015577,0.0166635952263177,0.0244189571005551,0.0591806843338791,0.0297435374485624
"14",0.00939509317157827,0.02028039426478,-0.0142117562208205,-0.010015636363652,-0.0119834852756208,0.000770404950873882,0.00439305776608157,-0.0123305654992986,0.0443495834154677,0.077285647538234,-0.014088894438758
"15",0.0145131994434182,0.0172737920770711,0.0150450983291439,0.00320530695695664,0.0225250080215458,0.0558629662672128,-0.00168991511017369,0.0354751596144507,-0.0138237071953911,0.172927232053056,0.00788029630188913
"16",0.000155376854774625,0.141195994034939,0.0222331476018793,0.000199581847301511,-0.019850224534701,0.0592873236257592,-0.000398243931334363,-0.00985189105051421,0.00121024375182111,0.00927055664146414,-0.0251248131791547
"17",-0.0282180059338201,-0.0566653933490524,-0.0468658152086785,0.000498974282469256,0.00419888723170891,-0.00869006219208301,-0.0121525667803858,-0.0247993138338348,-0.0116339503888657,-0.00410413786247832,-0.00695128543348922
"18",0.0122098729587719,0.0291701650112446,0.00824179561934657,0.0193574714304297,0.00959217610622809,0.0553313370654862,0.0139152835641636,0.0472081068439565,0.026394865850262,0.0349127724227818,0.000861501696052258
"19",0.032140182535523,0.00544233402686944,0.0241338662761545,0.0239820248104718,0.00730806498353864,0.00481131260794476,0.0303333349740711,0.0164597662785564,0.018120436348255,0.071400278518216,0.0148483848682128
"20",0.0132243275733617,-0.002732260558447,0.00302256972724479,-0.0194119383118595,-0.00507906458811158,0.029056535969519,-0.0165287747638774,-0.00315255673015802,0.0197496004793025,0.0080768103606621,0.00296873607414261
"21",-0.0183634918901967,-0.0229714620980487,-0.00449316106680131,-0.00342143087228497,-0.0133686812117059,-0.0219923461517078,-0.0189819703230868,-0.0194071795766986,0.00187041980293978,-0.00177157932013494,0.000739710459986442
"22",-0.00595246999171894,0.00172538868971839,-0.002990737660307,0.018930915201548,-0.00392149132852992,0.0223243936580109,0.000100928526430621,0.0209641951041879,0.0242736335317528,0.0643067020701797,-0.0132036760191078
"23",-0.00552124333775139,0.00602910396962963,0.0111627877549709,0.0204079492700697,0.0137156547314037,0.0416847944246614,0.0112858948735588,-0.00201040277709585,0.00308524286908129,-0.00369554283620255,0.0344273259985504
"24",-0.00297174740822614,-0.0229019820783023,0.00318238699701534,-0.00735845099056975,-0.0154983940312289,0.0263469400577903,-0.0123554040636111,-0.0126615578313627,-0.00829464035883454,0.00156810762909321,-0.0149716126492354
"25",-0.00831368786570241,-0.0273822272796298,-0.019015969854502,0.0441931338331738,-0.01324323575435,0.0417797916920231,-0.00686056815067249,-0.00553789240928171,-0.0170096569791062,-0.0089274346029955,0.00179440360223793
"26",-0.0249921632039277,0.0047297072651622,0.0160229102195013,0.00591613263103685,0.0227905518334739,-0.0745303232553204,0.0110723969343218,0.00263773575764614,-0.00960818819291775,0.033859365984467,0.00537347084693773
"27",0.0514276401697393,0.0450571879712971,0.258060419701138,0.0206296115603244,0.0212922874177952,0.0598495068522187,0.0055261715224515,0.0359546533602353,0.0254356641460083,0.180414338917196,0.0160342408140979
"28",-0.0395000719225562,-0.0145861577070476,-0.0641062309283963,0.00168460204350795,-0.0196358827974554,-0.0336780194844896,-0.00929242876242042,0.0553046238914865,-0.0240515076900996,-0.0473120252847964,-0.00165024050678719
"29",-0.0257026483846772,0.0165434227602903,0.00416943366890465,0.0197360851871382,0.0158256298978683,0.0027881767830904,0.0106907324598959,0.00721918575219171,-0.0109959130005998,0.0454545654089835,-0.0173573037665449
"30",-0.0433399821716509,0.000856352978042985,0.0104791178707224,-0.0061620064258846,0.0167962529471197,-0.088822089467515,-0.0135714181866294,-0.0149988247438144,-0.00794841839754878,0.0805703714560473,0.0477346916151455
"31",0.00380906386953694,0.00556272878368391,0.0375983070907657,-0.00130992715320866,-0.0124490986813587,0.00263896323289914,-0.000404425209064252,0.00177345075159585,-0.00698003052034579,-0.0010524449737479,0.0143500701604538
"32",-0.0879612830889371,-0.0775739795043514,-0.0657701417682892,-0.0654948945872093,-0.0416968480186727,-0.0509149938874147,-0.0254931043938771,-0.0408241599206257,-0.0706861544317358,-0.15746819156713,-0.0433321048657842
"33",0.0711987788318968,0.0199672611773911,0.0243156685247581,0.0526809955966008,-0.00202382411910018,0.0767429675273441,-0.00408150939840168,0.0178390847190479,0.00350071553805797,0.131492863904318,-0.0336089858390592
"34",-0.0354843677413164,-0.030047663762964,-0.046582514618002,-0.0225053177703693,-0.0235741264201663,-0.0263601115872595,-0.0405589511742983,-0.045542217449369,-0.0392543318004051,-0.160163193747255,-0.0474052813470547
"35",0.0552761254274796,0.0100914633158096,0.0373791974052402,0.0200563653644552,-0.00233399949390067,0.0465422811108764,0.0220131870960365,0.0122903248492423,0.0197359759925047,-0.0313796838609203,-0.0021340991938098
"36",-0.000867094663212331,0.0248607032530281,0.0222385083685532,0.041737697523214,0.0286087295688982,0.0434851306032058,-0.00203639602642436,0.0109983788260029,-0.00320752790866763,0.0481764124114032,0.0227605374061801
"37",-0.024043053385398,-0.0185896544737494,-0.0640648614370705,0.0478721284941701,0.0086757492444669,-0.0596896112734597,-0.0188980300896867,-0.0505794340663546,-0.0563403378645179,-0.0082751941692365,-0.0351806581779865
"38",-0.0147632894854637,0.0771537886106086,0.0759791750100121,0.0174389286537273,0.0374396883692165,-0.00917763555126194,0.0371019758584499,0.0748513642254256,0.0443875829720239,0.118427655389287,0.071665846114555
"39",0.00740178602692132,0.00793466438003598,0.00707179013816095,0.0173814078330239,0.0241408670805554,-0.124192565508836,0.0129796816396426,0.0382111068000295,-0.00260048470636132,0.0197752539325842,0.0143377972749978
"40",0.00116490061306385,0.0131914528531261,0.0347708420611397,0.0536265895278063,-0.000238314199155654,0.0580759114945728,0.0203149129118707,0.0266701392659006,0.0305720091308095,-0.103657957787341,0.0209916190130206
"41",0.0317731058978903,0.13922736951728,0.0445317224221238,-0.0137375992787393,0.0142890192154534,-0.056291099160651,0.0204208638133003,0.0154568073843049,0.00683731637676055,0.0132756315611047,0.0283083902828756
"42",0.0511796959522304,-0.0186175259202427,0.0227322737717475,-0.00144622217348311,-0.00821793259454595,-0.00682895087733548,0.0223131686302755,-0.0378614658465334,0.0142775566623676,0.0446428372996619,0.0455142216192441
"43",-0.000774904507503615,0.01728037891778,0.00940160993389116,-0.00541201839964744,-0.0165718144243561,0.0539781782595496,-0.0130175406475151,0.0374902675429081,0.0373257262316928,0.0206243220050568,-0.0667885391031691
"44",-0.0529982236576563,-0.00720091189614958,-0.00576331877958358,-0.0538011449038667,0.0101105674681414,-0.0489060710957263,0.00376850493946201,0.0128370508086881,-0.0233787027625697,0.013562688753298,0.00967979068565494
"45",0.0312662525578853,0.014604100972559,0.0350203619306522,0.0728981450008186,0.0238323629471995,0.0160515611976007,0.0227976266807008,0.0153356345386209,-0.015455872003597,0.122855871088565,0.0192761625143247
"46",-0.00348184722470413,0.0190071362257445,0.00912836382460047,0.0064168506866269,0.00602712871170907,0.0892766914058165,-0.00398953648252254,-0.00249644970609386,0.0240032290575196,0.0027193793707061,0.0123069764268666
"47",0.00758495771504952,0.0103225297695828,-0.0110360941332779,-0.00968235146020147,0.00279769773440885,-0.0441418262966012,0.000586144475319905,-0.0105118415439712,-0.0525717680117832,0.0128419874090615,-0.0424039664604569
"48",-0.0654657190066592,-0.0105756726880115,-0.019415821658023,-0.0234625182346452,0.00139513531538404,-0.0248324359378874,0.0166960370580689,-0.00569123607386379,-0.00497496488389626,-0.0659946826430615,-0.00791935822283218
"49",-0.0295050283548732,0.0027175163313562,0.00926200820265999,0.0251923483515859,0.00510803037755569,0.0400742014580986,-0.0136369622000732,-0.0157719389182845,-0.0107685418411908,-0.0198988198971133,0.00847159358762095
"50",0.000839507398263439,0.0173441591881476,0.0302034865069412,-0.040576291371474,0.0064680667222472,0.0353990215264188,0.0104176036735479,0.0125352992238985,0.0108857656642194,0.00404336724093879,0.0174234967613158
"51",-0.10128608893537,-0.0735218456651172,-0.0623813757403867,-0.0537550431726359,-0.044755451833673,-0.094250071522322,-0.0439389463503651,-0.0582003515588618,-0.0955443181982522,-0.018421737798147,-0.0233431978800753
"52",0.0318300953736359,0.018018540960353,-0.0129689342231831,-0.0223890707642288,0.00624700003099354,-0.0439137944837978,-0.00332584188831453,0.000135854402619984,-0.0196207612924815,-0.0654678782379169,-0.0375743359303223
"53",0.0190918245205378,-0.0154398323253397,0.0192373152490464,0.0405056772515671,0.00429758753191756,-0.0176059757882913,-0.0216403219771611,-0.0149052814935043,-0.0280684231933134,-0.0592191025447245,0.0112784819681346
"54",-0.0402290328442452,0.05354734104364,0.0213157519200426,0.0185612792435843,0.0204471096632808,-0.0560354987912983,0.0794834023893916,0.0246220560757586,0.0299629909396297,-0.0881652592517349,0.0116889720924054
"55",-0.0288660542545454,-0.0894898281024078,-0.07564197607823,-0.0780521453602753,-0.0111834361217968,-0.149581612197134,-0.0373419683359412,-0.0396032965393364,-0.0315055400333285,-0.0985408906158924,-0.0582997457153859
"56",-0.00031906398284387,0.00677829900084781,0.0044475673525064,-0.0131187524982468,0.0157870014812069,-0.0710947416974169,0.0127311263510281,-0.0156550637651939,-0.0660826278983758,0.0556830649150493,-0.0356821357882505
"57",0.030748156485664,0.0500599363272187,0.0313485257579391,0.0664658433604945,0.0192531529732387,0.176774370258685,0.0362320255383979,0.0395361120017033,0.0182024719773271,0.0518306395462096,0.0416715920214763
"58",-0.00196112865376274,-0.0336184578372513,-0.0162265692675831,0.0236000697409695,-0.0184344777388684,0.0798357173353132,0.00439130914990327,-0.00917069126069492,0.00934033925254285,0.0160992494289132,0.033169137612157
"59",0.0535731822172703,0.00294823574254321,-0.00616271158082582,-0.0355131061609727,0.0204034371293165,0.0696087393739577,0.0145422371805375,-0.00621618548528335,0.0389218431700034,0.0222673580016119,0.0368761984383807
"60",0.00638042415719609,0.0419361438146464,0.0525253101157492,0.0263289906720556,0.0371097388601203,0.0480295922840859,0.00861929628401348,-0.00625530090829318,-0.0119727977093115,0.0276468641249736,0.0257319766600714
"61",0.0330668177066007,0.0129770970902128,0.0158882753282077,0.0642987506579566,0.00839043397271744,0.107692333434635,-0.00352973754973485,0.0318924073040803,0.0182420963866294,0.0298583622702036,0.0232512342676638
"62",0.0167123934628566,0.0157815923614604,0.00489388029317306,-0.0499074082776066,0.0177360155448076,-0.0343655589123867,0.0173377532430619,0.0218247131112643,-0.00806203043066145,0.0303779839773994,0.0157463201526977
"63",0.0197806598108294,-0.00274151936004108,-0.00955743041728863,-0.0295983750279103,0.00107556271457754,0.110111719462912,-0.00174102406424048,0.02109312849328,0.00206417518267576,0.00777878635682661,0.0204085573020223
"64",0.00573750908784887,0.00164957159426704,0.00758002537458591,-0.0187698364300684,0.00257913206698901,-0.0299448064373584,0.00596641598071246,0.0201378938412156,-0.00669460980274694,0.0194396889758015,0.0258479573499055
"65",-0.031963384973642,0.0318391221528733,0.0156086455934688,0.0172502102576206,-0.00107164321296127,-0.00181589452764519,0.028101910603489,0.0284003776406194,0.0540471303350116,-0.118152987899991,-0.00631099350125985
"66",-0.0239451931513389,-0.0877815885431186,-0.0655458679549115,-0.00033560069493177,-0.0444208390466765,0.0257509201954749,0.00204149894648431,-0.0274921704296782,0.0196126193188819,-0.0202458774749152,-0.00691910312435728
"67",-0.0878772485111956,-0.032270601216648,-0.0233398121416708,-0.000336002146255177,0.0069613269988642,-0.084417119886498,-0.00194880714531775,-0.0170639200082157,-0.0162808247270255,-0.00962889754408747,-0.00582233783447872
"68",-0.0125154699820027,0.0249094792718334,0.0436734502943523,-0.00537618023048225,0.0202946475767924,-0.101713132747934,0.017570573232359,0.0260396589495855,-0.0105430830647758,0.0147476292905,0.0289937730774608
"69",0.000749260945740682,-0.00307177066913866,-0.0259542575696257,-0.0354731158646666,-0.0218580783076755,-0.0193109631675941,-0.00732569133048611,-0.0287122170141552,-0.041940495789058,-0.0458607174707796,-0.0169807132912418
"70",0.0471708704749507,0.0213820330985532,0.0178286845923628,-0.00893160755950018,-0.00849140528086922,0.0647414980944006,-0.00294645075205047,0.0337283247339186,0.0190109371821234,0.104479322051652,-0.000569291445188469
"71",0.00572001281791135,0.0244232968417313,0.0210495881191877,-0.0293337856496533,0.00743730404870213,0.00757193354072627,0.000798535059505223,-0.00201558220131115,0.0192635121973013,0.0369803150166546,0.00161421448903321
"72",0.00487505836856506,-0.0153264654609282,-0.0073885043956925,-0.0118679166053013,0.0190158186445892,0.0726908378732656,0.0267779034701712,0.0306741785259452,-0.0333186884701829,-0.0359570577094462,0.0198160823563407
"73",-0.0181926688853062,-0.0451575100114897,-0.0144562475603355,0.0035108503224599,-0.00427747110696908,-0.075662365736718,0.00526759660969267,-0.0426209724956076,-0.054837122637854,-0.0364806863224945,0.00186652272529542
"74",-0.0163681605534387,0.0261624313710855,-0.0296644851837778,0.00478736268360791,-0.00333249728471252,-0.09664671788348,0.000429491359343892,-0.0209797225621786,0.013547074984219,-0.0453918650398573,0.020236637214754
"75",-0.0120357922477917,-0.00882523118504719,-0.0215068904107674,0.0102620432502243,-0.00936252693778405,0.0687989405878435,0.0246437512424036,0.00274396819993505,-0.0178214564224908,0.0116653258156798,0.0329067314910807
"76",0.0163137641983306,0.0166203730581294,0.0173621604845342,0.0143296116009706,0.0146264590529233,0.0273561770931972,0.0266487158974966,-0.0290593690893537,0.0103095042245944,0.0443663528303615,-0.00707967492161388
"77",0.0297058360995188,0.0459323275959955,0.040352968932301,0.0459584862448563,0.013306447635502,0.0258868435676576,0.00546895428713645,0.0487183610747544,0.105714593104683,0.0307045116867406,0.0427808841080746
"78",0.00647845296799243,0.038332531816796,0.0252921982796359,-0.0256453749028099,-0.00525243640367234,-0.00464950560534683,0.0159929480872991,0.00831840204196266,-0.0153195707981406,-0.122730048645074,0.00470094010751043
"79",0.0493814535592654,0.00734778240719147,0.0151508857212688,-0.0270221848058398,-0.039603986966801,0.0458503401360546,-0.00551341711723763,0.00507680731378257,0.00299889372353346,0.0658216552115747,-0.0076562714727314
"80",0.0201602071460125,0.0209927620435133,0.0410137626658309,-0.0119024759265514,-0.00320753242870619,0,-0.00482089784796114,0.00366231090127944,-0.0154487541359395,0.0195308233599385,-0.00197194817783652
"81",0.0194580282596832,0.0158564860437187,0.0137347385069861,0.0354077947147113,0.0055161387657261,-0.0247170547677898,-0.000726818364301662,0.00805190605910244,0.0367606273572161,0.0262200015791951,-0.00455232968186414
"82",0.0106549883632661,-0.00584904156982724,-0.00674335560504813,0.00846117863154761,0.00800005204128418,-0.00622468987595037,-0.0246421550799848,0.00361084315373006,0.0134259456199046,0.00281577852555825,-0.0132884141507528
"83",-0.0138430533259185,0.00989569017393155,-0.0142635187975455,0.0354832944019297,-0.00975072799891086,-0.0114088852532575,-0.0112577622804525,0.00062309289938467,-0.000963484695217787,0.0120631858542768,-0.000874573518991006
"84",-0.00780876049136703,-0.00997066017214887,0.000126399598797011,-0.00906577397517128,-0.0073276785783809,-0.0913740022770184,0.00430153770993447,0.012201219415606,0.019704253797572,0.000616491985203638,-0.00376352389124135
"85",-0.033730370294517,-0.0239626478589149,-0.00368966388678293,-0.0548342946535293,-0.0249134304942933,-0.0313791893365745,-0.00713821593882225,0.000369357826381256,0.000356247687651967,-0.0090367326669768,-0.0318924451062704
"86",0.114322016974081,0.018502195071217,0.0120357903814936,-0.00271105362539037,0.00506942696037327,0.0562039888876436,0.000168990391761659,0.00909844800044013,-0.0152459733561665,0.030880860103627,-0.0198751024193038
"87",-0.0192308001441964,0.0031440694833782,0.0212915779112393,-0.000543758268930938,0.0142382899969675,0.00998055038901047,0.0047360666509535,0.00572674847141696,-0.0052406771116178,-0.0355850511986815,0.0462038291018005
"88",0.00301659326407888,0.00296019794739455,-0.0133749383190602,-0.0453308087259612,-0.00982701076811221,-0.0164859002169198,-0.00572363753353589,0.00193844446970037,-0.0233760051690323,0.0272045126703249,0.0079334602654566
"89",0.00893428361277215,0.00347210508042251,-0.00416633097446284,-0.0163342806225827,-0.0139414353162391,-0.0363672254080282,0.00939647384145248,0.00217683989989559,0.0530788841354655,0.063622494258067,-0.0425308863537522
"90",0.0312991994377287,-0.00657452702911854,0.00485818835783247,-0.00328238979748308,-0.0014377657209721,-0.000508570278942355,-0.0140891945631622,-0.00518886047090539,0.00406296684231044,-0.0319595401640907,0.0446044176014844
"91",-0.00875639626270452,0.0390111396417256,0.0241859060402685,0.00290565211840987,0.011039337966424,0.0182178510452942,-0.035045765533597,-0.00121254079580047,0.0243372964318664,0.256529010973401,0.0208203005834282
"92",-0.0246995949402609,0.00351960108793925,-0.00546071901222533,0.00482933526535922,0.00237338894426919,-0.000599730136431775,0.0166606435292613,-0.00157855988213329,0.0141411569631271,-0.0072941176470589,0.00362974555433593
"93",-0.0379986659777948,-0.0193750918235225,-0.046927642956522,-0.0396004206453071,-0.0127869149999119,-0.0470570347316356,-0.00190765058137465,-0.022622316724687,-0.00688750473030786,-0.0358694872402622,-0.0271245729173148
"94",-0.00376681454450656,0.00528016455822233,-0.0119702470874408,0.0162128165812316,-0.0158310914847746,-0.010495355793451,0.0291897014592546,0.0189148681043485,0.159276828645488,-0.0594116205802804,-0.0643477229262939
"95",0.0150327371664312,0.0294425417529902,0.00546803988503841,0.0064999484146111,-0.00292476781055306,-0.0187738645849103,-0.0195226420280995,-0.0108683689335848,0.0314311158953615,0.00374629729697062,-0.00586511416887359
"96",0.0137195345726431,0.00430819854150699,0.0126551541941056,-0.00176112439954512,0.0205326236519883,0.0599935125934086,-0.0193307565893788,-0.0215290904839265,0,0.0149292684222662,0.00970589260022425
"97",-0.0220488650377503,-0.00643468384741264,-0.00963366778315677,0.0201347276978197,-0.0188404729779411,-0.0475219751294621,-0.0105189811178473,-0.0223826146023199,0.0898903371151958,0.0190712734114427,-0.0383564473226238
"98",0.038401722492589,0.0323812990542776,0.038138342323208,-0.00597883815937161,0.0315117512969072,0.0301392406354186,0.0305521593136648,0.0153925026730786,0.0377160063213255,0.0307989079960085,0.0181301773261799
"99",0.0294792549695349,0.0233232171014377,0.00569377398192827,-0.013387739935072,-0.00548961014111127,0.0535259041332978,0.00572115684846075,-0.00509567267329747,0.00801117351752212,0.02133025284816,0.0294541935166863
"100",0.00531539757674393,-0.00534436869472021,-0.00316312615384606,0.00865311596073193,-0.00143951435496803,0.082868842373325,-0.000948226383265638,0.0032011655128692,0.0104153621455589,0.0231168518880076,-0.000734116600123902
"101",-0.0105748421728999,-0.015486693819673,-0.00266684788398253,0.0347044775472485,0.000960855834725827,0.0339817344777875,-0.00224310764510238,0.0229739156263131,0.00649929892907597,0.008258651737032,0.000470203039474093
"102",0.0321498366307491,0.014285650309553,0.027346893298835,-0.00716015887853261,-0.0144054612600666,0.0120709720236361,-0.00795480009660032,0.0205864729779843,0.0108173491122066,0.00842281095980812,-0.0236035031772456
"103",0.000250454875237782,-0.0140844448555424,-0.00661562191212983,0.00455490178835283,0.00219220838936174,0.0610718030094417,-0.00461972329182092,-0.000855722149037286,-0.0583903543676114,0.0606130574712642,0.00587502958972141
"104",0.0180331601011132,0.0316211313599646,0.0395575064380076,0.0136028467681242,0.0162859344632047,0.0358958782494356,-0.0206654556339395,0.0184754061310903,0.0353051845436918,0.00397372288205422,-0.00134040597865759
"105",0.0540429483940812,-0.0171152028163594,-0.045181942289947,-0.0158434177811677,-0.00980617746806278,-0.00380182963050968,0.015468398771282,-0.0112927479102432,-0.0382752868091666,0.0017270436665997,-0.00182161634234024
"106",0.0347319188798991,0.0140890916776542,0.0144208449353918,0.0475378692134507,-0.00362298743450495,0.0701649970184854,0.00449077024165923,0.0398539559362556,0.0483488406803174,0.0354885208797813,0.0160406752544859
"107",0.0221266497247077,0.0132865040606318,0.0145893797840821,0.017718219208515,-0.00121254335338228,-0.000928696119452233,0.0350629360806807,0.023327772590118,0.0326638956347489,-0.014777327700689,0.0182455208680139
"108",0.00967845969443415,0.00155018939270413,0.00669693751387634,0.0278914534718977,0.0140779902316983,-0.044432069157836,0.0462579775835539,0.0116692141817434,-0.00837888170935641,0.00873181496837594,0.0480920433078114
"109",0.0228306001760217,-0.00572600486288943,0.00149797717644251,-0.0169951959609644,0.0167544058381004,-0.0211283467145593,0.0086368056560151,0.00407091527765324,0.0250698272869265,-0.0286911064572427,0.024625713166569
"110",-0.00457888960602648,0.0105834691467337,0.0145216001913033,-0.00476182587294482,-0.0044727393877062,-0.0313233282456841,0.0195492505633832,0.0105868474165085,-0.0178337830808899,0.0125772604037464,-0.0180687592963181
"111",0.00610928007966538,-0.00092362566206583,0.0127233492233281,0.024277802906574,0.00262420148182274,0.073084574664533,0.0146579284853978,0.00568361799000727,-0.0178759503335659,0.0299524595780571,0.0213946935686824
"112",0.00464300519224725,0.00169550847530497,-0.0426768458337632,-0.0249133203660028,0.00214110877693985,0.00634812668054519,-0.0201467926514487,-0.0116355698235828,-0.0636631925435948,-0.0212941697933006,0.0285322125962628
"113",0.0214731330746545,0.0135427195251572,0.0151591110472498,-0.0111783862912178,0.00759757696137542,0.0575314604690229,-0.00741159260329083,-0.00358778166244089,0.00573536305088762,0.0407688623920897,0.0186053124754719
"114",-0.00222722645105133,-0.00273309236917652,-0.00672326036148307,-0.0111251015277573,0.00400544686657289,0.0871002530919918,0.00297078175078158,-0.0014626182622437,-0.00800970147885993,-0.0317975581056431,0.00477211523904231
"115",-0.0105346542484518,-0.0030447997439168,0.0154732217076359,0.0205045656948761,0.0107956393228632,-0.0036358168115922,0.00640404630019376,0.0120574646701903,-0.00710911023473204,0.0289287888412495,0.0226336569477905
"116",0.0127619609158103,0.0313070264345581,0.0278320021517195,-0.0136913179387512,0.00487555558257746,0.0218617126860214,-0.0225104546046998,0.0227146718867186,-0.0134355864692943,-0.0232257928692698,-0.00321936319333915
"117",0.0204678880626354,0.0278398628209899,0.0613131890210412,-0.00865332915435846,-0.00138588440623877,0.0480471854024873,0.00366198855819788,-0.00642351898927784,0.00730175734052763,0.0800945827700121,0.0295519970356291
"118",0.0438667460404931,-0.00677174874473863,0.0277331752692518,-0.012547707815783,0.0155020132022667,-0.0484464756271014,-0.000729729238007737,0.00723207663454617,0.000800714237079614,0.00663018320063657,0.0106657056438457
"119",0.0217807157809058,-0.00739756519990431,0.000552775118014104,-0.00976049434927706,-0.0036456582029718,0.0282886152450073,0.0303449730182914,0.0142514999602854,0.0003999995529953,0.0232766267017321,-0.00729405451911036
"120",-0.0109825474496054,0.00602561769787746,0.00505619159434101,-0.0409151180832102,0.0102904124405592,-0.0175065695044501,0.00212611837312959,0.00263396987085285,-0.0404227595982521,-0.0178727654574987,0.0062535287814478
"121",-0.00207830479554139,0.0286337458930568,0.033296317348249,0.0261780902112565,0.0282932897041641,0.0797486186685057,0.00544478363010459,0.0151108619515692,0.014513864527848,0.0385594098101449,0.0263340797022247
"122",0.00507596321093318,0.0299676137858438,0.000512000984249861,-0.00493434340071341,0.0121065957897259,0.052969247985676,0.029266190204575,0.0112965147185196,-0.0178097295036821,0.0119470468573273,-0.00317899165421964
"123",-0.0508902505049805,-0.0257857561187846,-0.0262671669944216,0.0348701292445095,-0.0126015696466979,0.0654669557243439,0.00909576900535103,-0.00741184351825608,0.0450753985124299,-0.0753768671717244,-0.0114654547262082
"124",-0.0107783320700621,-0.0104742877208718,-0.00155591956492862,-0.0506348378708427,0.0128800808915213,-0.00986835989178458,0.016664097362064,-0.00736236736886864,0.004014215541702,-0.00438710054749147,0.012724456155389
"125",-0.00882691985799167,-0.0100128379515823,-0.0215688908746449,0.0269585852710725,-0.0122781577936053,-0.0265151112185686,0.00588583428561118,0.00550978245412481,-0.0214128745327948,-0.00670834580647783,0.0346798914410036
"126",0.00250440521548256,-0.00187851743386558,-0.0166967274561851,0.0870632722095834,-0.005105047590516,-0.097359090265788,-0.0101474201596181,-0.00937819158383091,0.0352278797781094,-0.0226444946212307,-0.0257827935401382
"127",0.0114512876712909,0.0299653599261351,0.0379722403186287,0.0114662028827666,-0.00691672447571867,0.00742914794093363,-0.0105505166175536,0.0230825132137753,-0.00285013866363903,0.0754691343711866,0.012325290464462
"128",0.0362291559370445,0.038088495372381,0.0259492182367613,-0.00772926533706797,0.00718974215200885,-0.0129278951201748,0.022536366275967,0.0215220955200763,-0.0198777060869406,0.158173234645669,0.011502785976468
"129",0.0161565930258776,0.00257272171813883,-0.0276600018131088,0.0102131321476737,0.0202984797919186,0.0571542150894668,-0.0315066293059031,0.0264630181526195,-0.00278210157065795,0.0283911724769326,0.018092060098271
"130",0.0239802359678905,-0.0241730751804945,-0.0183049801266947,0.0245030443860721,-0.00327914362600634,-0.0522320228141354,0.00923999319835889,0.00426395296526549,0.0180880912353447,-0.044108297608332,0.000725097464941538
"131",0.0249461069701293,0.00290611137739227,-0.00797767084546874,0.00183979274697199,0,0.115499033416183,0.00809646854049606,-0.00306073034218934,0.0209481943851273,-0.0274427678587261,-0.000869571931742641
"132",0.00324125775105388,0.0216973754483185,0.00445704601918795,-0.022704504417004,0.0133800019385437,-0.0017054439361508,0.00705544988572226,0.0249219267212237,-0.0233755724624284,-0.0329958074467847,0.0235036114726377
"133",-0.00602702510091913,-0.0126273412537736,-0.00178972112235443,-0.0842159519041987,-0.0142857378632475,-0.0279408117715135,-0.0102110189919969,-0.00135510023600716,-0.012720982582114,-0.00541238982027037,0.0124036903452673
"134",0.0210652592690328,0.0177392475605673,0.00111390009913648,-0.0195856220280741,-0.00329346591995694,0.00116225869546738,-0.00674872958990913,0.00533051584070066,0.00197371739112873,0.0333018104022453,0.0327634923069844
"135",-0.0127946804596604,0.00445884235092708,0.00663395624628205,0.000190546203469477,0.0196076815312267,-0.00727672837429283,0.00854500065126662,0.00800142113002789,-0.0295838176481579,0.0246722648729492,-0.00359233546250559
"136",-0.018479169175511,0.00578404917667075,-0.0102748530940393,0.0255774434021803,0.00425455123041596,0.0770942039405236,0.0150539390117952,0.0145370900640598,0.0510100387949652,0.0202793575418996,-0.0281654241317967
"137",-0.0308946931517644,-0.00748954919570699,0.00789250422813859,-0.0100503720303947,-0.0153980524814781,-0.0295520325090549,-0.0181097253852037,-0.00725854811003601,0.0195724123292682,0.0336746089450088,-0.024151272608923
"138",-0.000717179205215857,-0.00458134736159488,0.0182154402029537,-0.010528132653532,-0.0107930897232502,-0.073346433912346,-0.0173055553415289,-0.00693182353252852,0.0180725624494815,-0.0428011550100708,-0.0188667061018698
"139",0.0137657153224016,0.02842832845107,0.0211232880852543,-0.00855019532255785,0.013582912370248,0.0463192599964337,0.0287326574832898,0.0158727739040303,0.0449738935832471,0.0757609420436238,0.0231447009006842
"140",0.00392542203462409,0.015137559331132,0.0207676087002022,-0.0258720372962679,0.0129613796292141,0.00098498577399897,0.0273293239403964,0.0176019436838983,-0.0254410324742849,0.00756212772036702,0.00560167213125617
"141",-0.000128327781303006,0.0102435224944999,-0.00378863414132891,0.0365925129640969,0.0104096209771285,-0.0108805668016194,0.0380763120633705,-0.010082522677149,0.000792494417855893,-0.00372713160560023,-0.0117121406279688
"142",0.00916816956467925,0.0109098782309447,-0.010400862620795,0.0781932509892604,-0.0077268970178358,-0.0728802336488446,-0.0016194810447584,0.0259765320469059,0.00720843594824228,0.000409993327268987,0.000433626090049266
"143",0.0679752510355895,0.067166222982969,0.0519961278165888,-0.0297483579341445,-0.00757081486510935,-0.0825030339623045,-0.0132570690375365,0.0107469254516677,0.0213470718539286,0.0210542485150365,0.0288192762694852
"144",0.0462196768627563,0.00047575024752522,0.0045543592731212,0.0183236718633593,0.00762856935135403,0.0124640951835895,0.0030018061602366,0.0104523116452666,-0.0246679334379538,-0.0271925186115411,0.0658520287277269
"145",-0.0236803260042842,-0.00561469385964819,0.000715801904485946,0.0195972493280441,0.0069219565443388,0.0313871255055798,-0.0105452181350284,-0.00823347726933676,-0.00589726372088184,0.00830325451170477,-0.0225267711390417
"146",0.0226181408903905,0.000720874434818164,0.00767785439736013,0.0365194608462185,-0.0143931427011345,0.0097600806246454,-0.00619289849681937,0.00855691699373318,-0.0142873580747184,0.00122758429818393,-0.00741211830558164
"147",-0.0224037532449726,0.0120110079745526,-0.0297675008518533,0.0127928127280881,0.0101764066086101,-0.028585041537236,0.0204854671925516,-0.0110742148429686,0.0584119724406336,-0.0456193767560664,-0.0250509884167075
"148",-0.0098218154856784,-0.00118706108957489,0.0237154526533623,0.0237140731080909,-0.0143572400063553,0.0280560145508761,0.00435787416787758,0.0168876587272357,0.00562369407594265,0.00920664776551483,-0.00793835249896824
"149",0.0271598078516142,0.0319631961328735,0.0215555081455523,0.056933042248245,0.0194216408096384,0.0898676722326077,0.0133011167289367,0.0108350390275258,0.0272420164649569,0.00838019549518054,0.00203566955046108
"150",0.00597777682885892,-0.015429045665395,-0.00292904861675547,-0.023151643801235,-0.0129898702520653,-0.0531372972319509,-0.0164259591986387,-0.00992800443166986,0.00699925014166181,-0.000946733666808641,-0.0147098767341726
"151",-0.0157132313230501,0.00514547847063485,0.00406973777539177,0.00316005495574512,-0.00109634347476983,-0.014360332103321,-0.0063512350678584,0.0161505889418017,-0.0127429104960982,0.0585974775339848,0.00835027099404861
"152",0.0120167763519372,0.0264107345969598,0.036880014163118,0.00945026829819073,0.0151510778924557,0.041056934386364,0.0352655330589027,0.0401712092508397,-0.00676635801877312,0.0409807067843788,-0.000566792466761834
"153",0.0273618255498635,0.0217637434779876,0.0236433109571439,-0.00436897512407342,0.0127622619250196,0.0403667625640565,0.0197027408509918,0.0240953003315225,-0.00114207067178829,0.0391285752150263,-0.0312652149809156
"154",-0.0272473774171118,0.0186378183706228,0.0282590982965816,0.0656640827276729,0.0215722648197501,-0.0036581837045534,-0.0334058002829773,0.0210689907056605,0.0474276685993644,0.201379255172414,0.0374703686335507
"155",-0.0389738721863556,0.0347420074200173,0.00933160889842144,0.00323551705394731,-0.00501796937925603,0.0243429840601641,-0.027310499985214,-0.00256935790320845,0.00831830175086945,0.0344431703533028,0.0419020826033818
"156",-0.0471239336038037,-0.0568364349193358,-0.107264299368984,-0.0379660703494668,-0.0636686945391165,-0.0262764383410511,-0.0489906522877632,-0.0368671909288814,-0.0402779280411942,-0.0212356280237792,-0.0521326591299394
"157",0.0533558733386348,0.0181518008674646,0.0163822211273346,0.0355021870196837,-0.0103234077717129,-0.0657681304347826,-0.0133160388124676,0.00986221491705064,0.0213147237971318,0.00544300729848057,-0.0322859418060635
"158",0.0306506725402387,0.0101311085110085,0.0346788677050012,-0.0122126726437766,-0.0131519033848173,0.0740280797063089,0.00185067563726227,-0.00198976889430136,-0.00437969955311635,0.0456391541353383,0.0258340273369746
"159",0.0144924252243808,0.012209675563172,-0.0346788005167817,-0.0120663848844813,-0.0020678106887646,-0.0440245707610958,-0.0139708548996954,0.000166186082703579,-0.0150297232846541,0.0440425661154868,-0.0259748444818881
"160",0.0110860586601771,0.0170167537454886,0.0541063281863401,-0.0152752569309825,0.0234857633638397,-0.00552982503852795,0.0375550273064031,0.0151163081012078,0.0372303465059947,0.0916353305054238,0.0544434115190693
"161",0.00966398271898394,-0.00264719934802005,0.0187978707326897,0.0196589037188433,-0.00887515517292048,-0.0106350952308525,0.00757243604528091,0.00973677301636133,0.00101371545911988,0.0129021955835962,0.0273927499055073
"162",-0.0548557797970992,-0.0466130480420772,-0.0847028634324899,-0.0296730441717818,-0.0208382054656943,-0.0506756748974865,-0.0426876169252208,-0.027712799677945,-0.0525485402629532,-0.0448160459038405,-0.0248216285062343
"163",-0.00633696683829676,0.0164828920327866,-0.0152020696918376,0.0313566407776968,0.0156691976262064,-0.139016464914001,0.00604484164861763,-0.00308346811437965,-0.00292944483873281,-0.0370068651969926,0.0162925941638781
"164",0.00357599923511986,-0.0113946923054521,-0.0262162688245084,0.0167068685849681,0.0112822588739643,0.124638252472199,-0.000390048776495622,-0.0160507828319673,-0.00750429213570236,-0.0220077869238303,-0.0218795289160262
"165",0.0377122482593815,0.0315859464920072,0.0258329021073735,-0.00444098656693981,0.013433623383428,0.00347480794311394,0.0196720872302931,0.0259132356998886,0.0238028645441459,0.0789336594301473,-0.0177872601029588
"166",-0.0515651272553035,0.0206271886423388,0.0398440809174967,-0.0172493420112726,-0.0172994977921423,-0.0336285870408771,-0.0303170175111684,0.0285711615377111,-0.0154736488325349,0.0517246761121388,-0.016414579909343
"167",-0.0205165556538568,0.00863157351809707,-0.0425779333424063,0.0525042827010134,-0.00983078305358032,0.0132304302168968,0.0127113208449134,0.0145735235031514,-0.0482616054900827,-0.0488451644058235,-0.0101010143121414
"168",0.13251621796815,-0.00688773459741387,0.0189539199749447,-0.020988889792095,-0.0219349704478818,3.40723618414973e-05,-0.0318079079336488,0.0170622485256704,-0.0202668073778266,0.0267192254708997,0.0266932544674257
"169",0.0298491853329714,0.0266916989840764,0.0498382502347907,0.00484579361954895,-0.00519360313491068,0.0237001926093956,0.0245591837014614,0.0285577760191222,0.0339660990642048,0.0199006375694417,7.21016563933752e-05
"170",-0.0120896473915912,-0.00944032360988212,-0.0305787857416083,0.0422327785701631,0.000949446994283676,-0.0805155603448555,-0.0235775785006523,-0.0127537643865655,-0.0243701395671772,-0.00698400435843904,-0.0130346136751914
"171",0.0121840368905095,0.0207554454247783,0.0134998883175608,0.0130398347656528,0.00521584803155961,0.00733332155672728,-0.0150442926206593,0.0103901166334108,-0.00839670381162871,0.0836264315669843,-0.00525372218876652
"172",0.017234055643143,0.033651831065505,0.0636115612060284,0.0247227820070475,0.0257071922020888,0.0641563743948359,0.0039514799528535,0.0136352050675956,-0.0183270027299614,0.0299467355474947,0.0273601956023066
"173",-0.00312766593958869,-0.00609833223683798,-0.0105287240685492,0.0102940574325125,0.0147160935784261,0.11916148616362,0.00582213080994687,0.00631275005267251,0.0182696096647432,-0.00099495868547006,-0.00299889330718117
"174",-0.0130210918659739,-0.00187989847084002,0.0374091169220481,0.013674552572541,-0.00435411674587294,0.116621549982907,-0.0109244822863623,0.0171008514715547,-0.0115341238721716,0.0800940131107257,-0.00456524477352926
"175",-0.0348097949762451,-0.024489393722305,-0.0374288170224434,-0.0431159893819874,0.000689031387864691,-0.101987460561443,0.0104680990091688,-0.0386931069126576,-0.0425688766929113,-0.0151638911141991,0.0283581708963421
"176",0.0275017136653071,0.0164650332055278,0.00248398984474418,0.0829304345352802,0.00390107383801275,0.00618598559160355,-0.00823871874386983,0.0119911766228,0.00776385975729288,0.0356324948190871,0.0177277879312321
"177",0.0169357443208416,0.0210978860023556,0.0219155601809906,-0.0099552938107843,0.0278856511035603,-0.0376040844123953,0.0477050771394005,0.0316226702063105,0.0160798500978154,0.043824431932219,-0.00781120539697089
"178",0.00577876114479525,0.0375046759810491,0.039361191951649,-0.00128908249231086,0.00622638712660062,0.000682296059275167,0.0135814014110269,0.0215816290752002,0.0183823387372937,-0.0869763817941873,-0.00954389313620108
"179",0.00809611691657541,0.0161399841490466,0.0371533952773666,-0.0250422540574384,0.000220929511216328,-0.0782794620490338,0.0019364627436913,0.00279252358908977,0.021037079311464,-0.0583957082261179,-0.00422042694363545
"180",-0.0140416550178151,-0.0146760017651522,-0.0245837296890876,0.0182711339500707,0.0302695650708877,0.00238704901343101,0.0244279297043422,-0.0234947302792325,0.00657119783810489,-0.0556084031421167,0.0471145072599575
"181",0.0883918046597338,0.0263952189790539,0.0233210019393426,0.0470677884080595,-0.00278794997539034,0.273126799815194,-0.00799877341465804,0.0258885380175948,0.00168465377069471,0.0426136449507668,0.0120748866552518
"182",0.0162985618978795,0.00624527399286423,0.00183145942158225,-0.00484279573234081,-0.0131181898443253,-0.0841214784608705,-0.0149095110445014,0.00342193181354467,-0.0347727212923901,-0.0407583137590829,-0.00613208334144655
"183",0.0252202672847297,-0.028953351744367,-0.0323732170923233,0.0350635951324643,0.00719090297046354,-0.0740421956315932,0.0451737795427136,-0.0036198255465949,0.0395974429700023,0.00157041398472302,0.00114017322433924
"184",0.0216706405641092,0.0403847051526065,0.0233692843556286,-0.0044604559890099,-0.0183902632013432,-0.0311897498224488,-0.000996443643108691,0.0368463990761896,0.0155877247252405,0.0901426010045814,0.00549319779166213
"185",0.0326352389512243,-0.0160528592912169,-0.037532259443794,-0.0298275755988527,0.000220421372444157,-0.0997883810076896,0.0114651741694274,-0.017423912207125,-0.0165998883929939,-0.0741132669574008,-0.0166557409787967
"186",-0.025565290811466,0.0296801746633832,-0.0229338663019309,0.038538723162886,0.0189510706648144,0.0349077260098312,0.0257618618976709,0.027335861367626,-0.0396109910931977,0.084325047160664,-0.00196462236278672
"187",-0.0122134517861419,-8.94896969214631e-05,0.00227891764155275,0.0172288651090078,0.0023990440293058,0.0291871175946017,0.00789339856004312,0.00579903447490127,0.0325664254858571,-0.00808222976892348,0.00183287228142759
"188",0.00938799256960876,0.0204118589453459,0.0168529892298537,-0.00864639980774395,-0.00239340179557557,0.0353152608310308,-0.0163750532250813,0.0125491240269369,-0.028440410411033,0.0297580506535384,-0.0245970921675288
"189",0.0528537124420647,0.0104401738678477,0.0146307725680581,-0.0143365726811803,0.000436459354825169,-0.0477420391414832,0.00629703204497312,0.000669960377298384,-0.00480603755450948,-0.00219650944484351,0.00523901334143817
"190",-0.0676951865876276,-0.0782321159505478,-0.0985282741657244,-0.0916366116452191,-0.0041423015115134,-0.128629575012565,-0.00935051522750607,-0.0927225382419349,-0.0565897007896597,-0.13568485513385,0.0110483714070444
"191",0.0223238770930052,0.0428598188465092,0.0324402822868342,0.0205498712011738,0.00394045223250883,0.058003773824207,0.0125609101774447,0.0511360868318211,0.0623108736278308,0.119089248561359,0.00811050105111732
"192",-0.027577946397028,-0.0757835151223593,-0.0624961544090289,-0.0570085043200113,0.0189708445941192,0.0615203060180805,-0.0142693491178616,-0.0574938961265851,-0.0836690286695339,-0.172388327204113,0.0360648383473559
"193",0.0175274441654587,0.0438819695704813,0.0316520363185264,0.0404881632342862,0.0246093711714632,0.169220115451643,0.0183313939577971,0.0267392822985835,0.0773973771750618,-0.000165616413719816,0.0252679713765449
"194",-0.0407110002507698,0.0482164035295332,0.016193218584482,0.0390458297247149,0.0311198245721924,0.0321356264614183,0.0340023202018325,0.050272003408274,0.0262235429164843,0.0852276528770219,0.00731656179078888
"195",-0.107159986496186,-0.058382556532919,-0.0484190978203115,-0.0355264575046277,0.00789929014658353,-0.0119486010462345,-0.0034542213862081,-0.0365382569428799,-0.124481258171644,-0.124488516030534,0.0411595189701051
"196",-0.0536401224092876,-0.017719368438104,-0.0105729105425857,-0.0376328188117065,-0.0206993605895749,-0.0168894777261325,-0.0156670764605908,-0.0346164700371584,-0.0488417526033509,-0.0857950164135417,-0.0189705252361912
"197",0.0156690233916983,0.0686646787503014,0.0490209971148807,0.027220976926932,0.0130785042847836,0.00881162955734949,0.0337261163607825,0.0348162086891799,0.0157793638008046,0.10155264369678,0.0150335169874449
"198",-0.0615982172785071,-0.0487342328596776,-0.0438524548228544,-0.010523510480051,0.00224574660894983,0.0492423564609674,-0.00287996235446109,-0.0143061337287207,-0.0779064507617362,-0.0817661818181818,0.0227995167115509
"199",-0.0178646883785146,0.0115436118636498,0.00490167985059298,-0.0110441934472095,0.00509250784450921,0.0216218805139043,-0.0854703818298926,-0.0147328908289094,-0.0384035558840166,0.00641163499971875,0.0010216786877022
"200",-0.0891346486958794,-0.0735637873633009,-0.0574873122341198,-0.00220603208330161,-0.0358732485761948,-0.125618630532134,-0.036917434953453,-0.0801685654290032,-0.0736240902237385,-0.0766376754105482,-0.0516207712545311
"201",0.0465070407161239,0.0340014806062043,0.0541841311475411,0.0244576623701702,-0.00462493292145216,0.0407479575594354,0.00749475482368966,0.0618059459381,0.0437364725498781,0.0863265761042518,0.0067087091934952
"202",-0.0443134618213523,0.0121099366395385,0.0386713359617337,0.0349337184638978,0.00274541193647759,0.00766230491773756,0.00705161622227535,0.0368349449315488,0.0498052686516688,0.196555272411936,0.0183323077749546
"203",0.0153897473876401,0.0214982183784862,0.00105031461989347,0.0149876485943339,0.00189580560914826,0.0270761737427139,-0.00461675459495547,0.00394731045314733,0.0258882008838643,0.107315787243494,0.0121671778889287
"204",0.00555282943508351,0.0161886522547725,-0.00193277558421001,0.0336414480815086,0.0147150091649895,-0.165026260778678,-0.00432928768833529,-0.00240270851294244,0.0944361846833766,-0.0920652594716364,0.0168045856042494
"205",0.0736095898010867,-0.0030925072128537,0.0125229569531273,0.00968967989194547,-0.00849377515597582,0.0736465093771252,0.0220499287033535,0.00430606677682954,0.0283392536206304,0.057983212459493,0.0282285398189877
"206",0.0544026713872918,-0.00329000428587478,0.0226777831245173,0.017593166619545,0.0292519532050957,0.0273666802576888,0.0103312439583347,0.0282706568102844,-0.0289411893853009,0.033846057255374,-0.00117329417806677
"207",-0.0191123832672867,0.00735648407352762,0.00511177399189999,0.0325234993064083,0.0107591348183422,-0.0285291739867045,0.0109019157849797,0.0141347772013949,-0.00981587023790365,-0.00119257502375092,0.0201446388450355
"208",0.0051710115975423,0.0287169377290948,-0.0216368521417445,-0.0169789630523571,-0.0789315003070703,-0.0549696451623988,0.00721469993748558,0.0053062805745665,0.00857758836071421,0.0147824207937193,0.0161772275611931
"209",0.012217713931397,0.0239466758610472,0.0202316591994578,0.0212032573136072,-0.0113387645336011,0.0983758558248782,0.0157012640039607,0.0286111061099212,0.00577695005217937,0.00316554611545627,-0.00203961617876669
"210",-0.00375366835337565,-0.0146390834044138,0.0215702990825137,-0.00292390421486977,-0.00132334018380409,-0.135332001615168,0.0117095223911976,-0.00870941143906201,-0.0199795146074494,-0.0153588380559815,0.0317911615167095
"211",0.0651013164051621,0.0380469948196427,0.0362166920102533,0.0188834395340696,0.0180863732473815,0.0483387332936607,-0.00159155356992235,0.0501942362999197,0.0243812580793756,0.0176403882420806,0.034223049653817
"212",0.0618299273947143,0.0491319045596248,0.0365609257051969,0.0131231335242648,-0.00415775353680681,-0.0549731160337095,0.000579815472875778,0.0103761244860874,-0.0146351512827366,0.0530906516592315,0.0358566137111354
"213",-0.0326515663099135,-0.0273665491629508,-0.0516612338776866,-0.0451085281860084,0.0235112850228487,0.0167871140792644,0.00564802851919932,-0.00725297998658148,-0.0174733611852671,-0.0615555887151082,0.00112972716993109
"214",0.0369330712748881,0.0207815035972601,0.0402467185929303,0.0147550195840238,-0.00214665946394565,-0.0389061079802939,-0.0238335524384414,0.0192020807559992,0.0577988330880741,0.0374214504986372,-0.00964442128835274
"215",0.0166589394822068,0.00812671683696276,-0.00808561236623062,-0.00328324477785213,0.00494838060227276,0.00239009648163213,-0.00265556051861715,0.00139571822689954,0.00296697139502267,-0.000625233763384303,0.0233297117286129
"216",0.0246794139508537,0.0252638143476298,0.0263560710654023,0.0494114483601191,0.0164846110320833,0.0180314056696333,0.0170844405280841,0.0145701386469312,0.0151852277056506,-0.0198558088375761,-0.0190184241287094
"217",0.00215843188402398,0.0528492915913252,0.0289575413354317,-0.00997730102299899,0.0164280167326651,-0.139500825944171,0.0208699835053807,0.0172948842160805,-0.0137439395717088,0.0402386561913919,0.00155519388979775
"218",0.0364660125781062,-0.00762204543853418,-0.0687870416554318,-0.0295548778798472,0.00953154749714424,0.0845879688696096,0.0115389243054385,-0.00546244028887655,0.0218634678918956,0.0271575105697077,-0.00134561785396525
"219",-0.0652215626248585,-0.01373153503097,-0.0184187462751672,-0.0204203789813701,-0.0108783673541668,-0.0608164297837649,-0.0208433950484683,-0.00820797299891274,-0.0263591201101736,-0.062306807423595,0.0140449637727302
"220",-0.0414848518963274,0.0111232138640935,0.000976311191805745,0.00738541925760061,0.0209588365730644,-0.11894620490982,-0.00316443001720967,0.0226021580417577,-0.0228656105740164,-0.0182528164073915,0.0346008664937205
"221",-0.0530687174003444,-0.0142892289587047,-0.0258132244872983,-0.028496989123447,0.00833332439039758,-0.0966687177967891,0.00858572538656821,-0.00883654218950314,-0.022438312799959,-0.000169267874083223,0.00281569569899642
"222",-0.0316815463290822,-0.0506971074785504,-0.0877122105022792,-0.0484787552625319,0.00745824811047258,-0.0611656596242548,-0.0533670368127273,-0.0248401265069627,-0.0465509334650698,-0.0501143069733497,0.0309853482971889
"223",0.111252431044029,0.106475547439364,0.0423782659760865,0.0592613441930399,0.0280109659266892,0.189473129280693,0.0576691010169812,0.0770492167195489,0.0596646284675584,0.0456881584278266,0.00267555073553738
"224",0.00680217030609676,0.0018851858600486,0.0102792862684251,-0.00569162634181364,-0.00219716030187811,0.0570744081172492,0.00302103884022786,-0.00737600918556125,-0.0169483485215904,-0.00394879395617187,0.0202050556079736
"225",0.024189085945584,0.0371094393991529,0.0208521697794113,0.0291073980458567,0.0206408402509304,-0.00617697640314629,0.0259611060325118,0.0253005860199107,0.0349003942305357,0.0582397304523377,0.00647378503492591
"226",0.0149561857213605,-0.0152415872446378,-0.0149547598272547,0.0107691168842068,-0.00616328529180465,0.0157843412579222,-0.0258633321707863,0.000517538249884986,0.0474454934943775,0.00959464454950476,-0.0570963860161774
"227",-0.001537952990179,0.00574891586033632,0.0220818181818181,0.0307928631498602,-0.000193730259733238,0.0127217059312033,0.0147102006751363,0.0217891039597851,0.00439919305031422,0.0142284754795226,0.0445379522468998
"228",0.0161993944852614,0.00454317207932631,0.0259452632327959,0.00636052644972374,0.0106608588182928,0.0970181712817999,-0.0630083418135471,0.008890028732357,0.0373007291484415,-0.0366909779613005,-0.00946482343272581
"229",0.02122253290937,0.0161220471620078,-0.00469023633242593,-0.0214444946484348,0.0420024684660434,0.0308661944461961,-0.02762269360749,0.00886741914753486,0.0181420511799095,-0.160359582512079,-0.011991838477879
"230",-0.000287287105639411,0.00761032707104103,0.0696398588911633,0.00576680386095596,-0.0112276906631205,-0.068839603550763,0.0251476423851249,0.00348237356213699,0.00897769112952185,0.0606248152538165,0.00894583959742468
"231",-0.0564231973219312,-0.040327790528332,-0.0463518063077588,-0.0676604846538695,-0.026991833554119,-0.0475109789583302,-0.00991842938481236,-0.0498539971326825,-0.0695120205810451,-0.0485686722301744,0.0397796656484453
"232",0.0647918006630983,0.0290296393216245,0.021902807290658,0.0248461910899989,0.0235317831592559,0.018418245252833,0.0202647081287868,0.0355402751411864,-0.00922285580803106,0.00702996761631791,0.0191287762359209
"233",0.00665177289646723,-0.00637042788544961,-0.0110300572737395,-0.03348539807174,0.00710272006259216,-0.0388936587469435,-0.0211362275633996,0.00497524624518708,-0.0202342132135332,-0.0425579897609772,0.0201716613666745
"234",-0.029473345184906,-0.0110738430175138,-0.0107390268346059,0.0186266472938272,0.0155900714317974,-0.05215618197459,8.75511242024452e-05,-0.00479797030341955,-0.00955099438620677,-0.0266229347678162,0.0187532804908705
"235",0.0246376225814802,0.0139235413741607,0.00977945371619882,0.0553830677206844,0.0191885878247555,0.030829596412556,-0.00601670106595509,0.0190044672576857,0.0248702564368921,0.00168364086755202,0.049088471607307
"236",0.068836838730459,-0.0109714064321026,0.0319132014161436,0.00463233549608311,-0.0179306745210314,0.119720840130506,0.017926389207314,-0.0373548642943393,0.0747039633726136,-0.0111484636478907,-0.117683601110244
"237",-0.00366730385581215,0.0176313242691788,0.0103688524590164,0.0153314034078991,-0.00262010631966869,-0.0146093689722656,-0.00579398506232365,0.00177139584153041,0.00129139707140413,0.0114129431628069,0.0418898432920649
"238",-0.00781083617322209,0.00606417522949676,0.0107816655173814,0.0309945577305784,-0.00110642939916494,-0.0607417708536884,0.00444762591496484,-5.67418067687342e-05,-0.032476410709001,-0.0919536225267775,0.00194034094020501
"239",-0.00936510468074025,-0.0337973253323782,-0.0545933342762359,0.00748810947179024,-0.0201219691065962,0.0630958228444287,0.00771027109364164,-0.031093330938015,-0.0560871690943062,0.0123890424929178,-0.00497548429178196
"240",0.0368559278493681,0.0266616237073072,0.0207823791089379,0.0112580694401228,0.0141296559872259,0.00575815360028353,-0.021060422393298,0.029735720068407,-0.00706188937777219,-0.00186546282828592,0.0299105841392779
"241",0.0323303998312914,0.0156975367862442,0.0337658521917141,0.0255079878910209,-0.0063161511934241,0.0622419335050914,0.0460455361185637,0.0170973146499813,0.0536958062416655,0.0700855981388464,-0.0203028228994923
"242",0.0375902453973076,-0.0225769498157062,0.0117698789454586,-0.0269814627469245,0.0214995310272759,-0.0195188820389696,-0.0389880176531784,-0.0368244914794306,0.0188023442347591,-0.0524312213652061,0.0182456926380159
"243",0.000328976096716449,0.053701894925295,0.00244109952847804,-0.0230718857902967,-0.0128112795318595,0.236885630472971,0.0226327811926843,0.046287425173984,0.0212473888218372,0.0743909161289493,-0.0388459386416293
"244",0.0574693595193556,-0.0038036246588542,0.0240421829142541,-0.00787214211281639,-0.0211346079363952,0.0367288792908873,-0.0141523523470812,-0.0138353416693406,0.012093919819097,-0.00981305843967517,-0.0426257420701752
"245",0.0311927321461842,0.0225603905301821,0.00400460111082945,0.0202278158305069,-0.00738633883186268,0.0598015827577432,0.00236719605430435,0.014934572395195,0.00412061240556794,-0.0189889153330179,0.0112510272445667
"246",-0.00483968625167075,0.0191367531214215,0.00438216927840784,0.019279411254796,0.015455115862959,0.0176533768593818,0.0355752366436668,0.0142373219143836,-0.00642895725466031,0.0778849922937195,0.0360404286519389
"247",0.0176675295951736,0.0180460411751069,0.00788866674177968,0.0117139824433159,0.0137165090939999,-0.0594230744907029,0.0203353873803607,0.014917952985148,0.0231288968654164,0.0352929245603235,-0.013721988580658
"248",-0.00843790816524792,-0.0156905569568924,0.0113022491872337,0.020182148240063,0.0119515304557927,-0.0027769627818528,0.0131396042120635,-0.0134513401217315,-0.0205684960764123,-0.0413699499559702,-0.00642130098322113
"249",0.0221403184103997,0.0220768794322681,0.0162250557665642,0.0201483977326427,-0.000922836561507934,0.0887186131477669,0.0127544940445834,0.00412349654602684,0.0410335097852936,-0.0145941465327617,-0.0179833318413627
"250",0.0315329997714249,0.0161185097583432,0.00589546826450338,0.0351002202456865,0.00332486643799057,0.12333192346897,0.028371313784902,0.0213533621409661,0.0172086408556318,0.113188576509928,0.0691973666489776
"251",0.0349262825895647,0.0208722274179907,-0.00132695882349343,0.00415223015115762,0.0189615925091224,0.0651914885212543,0.00275209342145644,0.0152785201751733,0.00313122745156158,-0.00942148272403398,0.0263310427366026
"252",0.0345068997864975,0.000440370277026592,0.031868259260962,0.00255973761947992,-0.0122853387670512,0.0491659016159871,-0.011320772261224,-0.00105632517270937,0.0142635073510922,0.0204806924607943,-0.00231337146180344
"253",0.0572376733747624,0.0267243123117984,0.0302043898582329,0.00324072186264512,0.0267057593992752,0.162377572724702,0.0111034150935596,0.0324543568991451,0.0481298550710856,0.00920116165802654,0.030015235575036
"254",-0.00123016171492574,0.0197208568865677,0.0293188324138178,0.0236884083330091,0.0185281803559059,0.0425637809398591,0.0245021358574788,0.0612295051633118,0.00199813681702077,-0.00239002705337432,0.00560716014544682
"255",0.00353788693893198,-0.00624620455516034,-0.0214201509291894,-0.0398737196536951,-0.00279844057678902,0.0360013980263159,0.00154114380078596,-0.0214191098646042,-0.0126984053050629,0.0307888097418951,0.00190082052302021
"256",0.00365132621022446,0.088601391860855,-0.00350916226103659,0.0096602395303651,0.0320995962263078,0.564755776621013,0.0140467373721687,0.00350008379685596,-0.00263814336272161,0.0587915231456064,0.00113832855553175
"257",0.00476222154112138,0.0239841931588667,0.04472776582423,-0.0134148530832993,0.0127464540955913,-0.127026374354758,0.00257271198675202,0.00186680971430131,-0.0226503788989232,0.0126825611045076,0.0708360659114675
"258",0.0125467665677188,0.0181711376054958,0.00980758406441007,0.0243952056285035,0.00302055797597833,0.184715499747295,-0.020067360168561,0.0474595629130152,0.00367944410781051,0.0334501858040077,-0.0242654436465234
"259",-0.0956984131966865,-0.0913604489716391,-0.088138674116482,-0.102088777430524,-0.0363058175797236,-0.151097643705628,-0.0291647080324126,-0.122356936303197,-0.0908017998806847,-0.0179963540330078,-0.0218863708796261
"260",0.0344779753866959,0.00223314922313955,-0.00637909493019051,0.0222851204500853,0.0229164954805237,-0.0376219390455292,-0.00139205468985315,0.037818357097646,-0.0267111140450317,0.0119977299862286,0.0370462448735038
"261",-0.0902094800529517,-0.099208753139672,-0.123552457337798,-0.104382152001268,-0.113883108254763,-0.153795849541055,-0.0814050523838712,-0.109835871060184,-0.176535426396591,-0.0882513749856371,-0.0745451943336055
"262",-0.104418617885515,-0.0861159452442795,-0.0988602890035606,-0.190000025386017,-0.133435354470647,-0.43045900311104,0.0239757291051237,-0.14148603593112,-0.185409277415877,-0.0984511051672828,-0.0676683864950127
"263",-0.00466203738045023,0.0464388608861981,0.00955835337353328,0.161228670030143,-0.0722409780895507,0.492857600532329,-0.115293316299472,0.0895743562146749,0.107913007071511,0.0853330393212253,-0.0823433240206245
"264",-0.0187765069094115,0.0353254180399314,0.000435703773792984,0.00278436280237981,0.0122568324720138,-0.106981944172964,0.0788107145333405,-0.0535914676773231,-0.0634305228900006,0.0633487282040044,0.038693195395638
"265",0.104437335039104,0.0855959086441025,0.0951818891207694,0.076612397068212,0.135327480332847,0.139712590331423,0.112180805846526,0.142577677158625,0.217977808626791,0.0193364322439398,0.204280847464759
"266",0.0774983198959198,0.0721250124864141,0.0417812772752701,0.0117234621256452,-0.015056376795705,0.357791026144149,0.0447437826358172,-0.0715674464263195,0.000451996691072543,0.18336392249628,0.0143704698911973
"267",-0.0406711598620659,-0.0317440801918677,0.0109270499646756,0.0121669448340871,-0.0430997382995117,-0.0531125708696186,0.0390190472661025,0.0243812323231756,-0.0112402181907719,-0.0283944728257208,-0.0126300014281325
"268",0.0682470025378394,0.0454438875947059,0.0594177194055152,-0.0019464331539979,0.0181938778357496,0.108059436248459,-0.0351746603294618,0.0741674390594875,0.0478146381268232,-0.016053446935455,-0.0426387725503099
"269",0.0338328729832316,0.0244965018714665,0.0167668822568783,0.0158293702785224,-0.028110814055082,-0.002353289567537,-0.0163288648817053,0.0223814043765238,-0.00599711122736724,0.0397284572147891,-0.0115546914519473
"270",0.0218539695950193,-0.0167212131863371,-0.00907038775431135,-0.0226964987489225,-0.0201792893230097,0.0298574307709532,0.000338852190411743,-0.00830270438303893,-0.0431656422116585,0.0124161295040803,-0.023931960610009
"271",0.0236155048184341,0.0188934567893826,0.0367687149221374,0.0890816055238572,0.0336385728674122,0.0302117443693561,-0.00629935927568237,0.0537311562008131,0.0323871891562608,-0.0128974133843898,-0.00635835200341106
"272",0.00344018965544568,-0.000981158591843889,0.019029692012662,0.0484394577936085,0.0334290894457645,0.00894156618998476,0.0209335086443825,0.0242366965439271,0.0978249521206001,-0.0378681696275072,0.131530674448639
"273",0.0426496155343516,0.0215551357616179,0.00453423721186019,0.0418949163161675,0.0516283030888531,0.0606706153132786,-0.00974780303684009,0.0223827899901163,0.109064196104136,-0.000309734821415941,0.0260292762621723
"274",0.022021003317555,0.00288477660443265,-0.0188191138847947,-0.0611430051052427,-0.0626549915221839,0.056026049319593,-0.0349626041903628,-0.0368218434780567,-0.0740638531146421,-0.00364632740257875,-0.0257087336065122
"275",0.0322314282654361,0.0394694833811011,0.0082948499111144,-0.00674050975531226,0.00921054291107515,0.0701608277174617,0.0118184614823877,-0.000312068257471543,-0.000743536873502815,0.0852727854261022,0.0334446317091477
"276",0.0111804079545774,0.00604666507014984,-0.0435900004607479,-0.0220298532373814,-0.0532377435269678,-0.0411230328311458,-0.0418550083637527,-0.0152446265310361,-0.0616971616875936,-0.0227453208526287,-0.0719878978642077
"277",0.0571784325094251,0.0731930300329755,0.100628225235637,0.0670440240764569,0.0380996067424968,0.429116239076377,0.0375152441157312,0.044856641185218,0.0960411561622547,0.113689681285832,0.0790734154710608
"278",0.0215593758784609,-0.0172284660051004,0.00838870425469151,-0.0349174421908404,0.000442373772462368,0.091485738741139,0.0155968594323745,-0.0441949836965725,0.00733025675521159,0.0641744843732386,-0.0377487587032774
"279",0.0301641725866397,0.0218767397455386,0.0341283649112443,-0.00839721913738123,0.0192264159424507,0.097484388426472,0.0302319910731592,0.0499947088128905,0.0135484110604582,-0.0439390980019029,0.0179737519279535
"280",-0.0360672903895597,-0.0366256351324123,-0.0220035806475909,0.016309467310677,0.0511707540262174,-0.0629336642207354,-0.0161763586522912,-0.00786009964796497,-0.0410467689516069,-0.0134551659922759,-0.000844364583689639
"281",0.149008290387824,0.0622516050814517,-0.0305145981384409,0.0115212991799278,-0.0449669588603473,-0.0354637474226788,0.00115499798634566,-0.0315880731616289,-0.0178799530082602,0.00599213363452611,-0.0143292290221878
"282",0.0366565122362223,-0.038283919800166,0.00948235722571411,0.0720023522800406,0.0306696532581796,-0.0447339898989898,0.00461478506379942,0.031988991235365,0.0501027665015401,-0.0305643378781872,-0.0123546912270002
"283",0.0166773841379542,0.00974784386744454,0.0129740778594321,0.00237168141318178,0.0102682297432093,0.294007312046509,0.00648521013932135,0.0149474030324113,-0.0301365844075802,-0.00213082665676245,-0.00986547646553215
"284",0.0981610181858608,0.0186731064083205,0.0454480053526094,0.0583950928496657,-0.00497844927340441,0.0972739760841503,0.0280062773959444,0.0349999588908616,0.0210271848338139,0.0133927478379672,-0.0218007165157359
"285",0.0252865494398644,0.0554072138113828,0.0279973630255812,0.00275286089426729,0.0325204451711398,0.23701724186042,0.0082813228675549,0.0270334333777684,-0.00593050156836461,0.0833657252648909,0.0151158005652134
"286",-0.12569743452822,-0.101405512311896,-0.065006485735071,0.00741803641379879,0.00565305525037085,-0.337353537040902,-0.0400885091555837,-0.0559932150352447,-0.0116659273245778,-0.0425636548929814,-0.00939192469078443
"287",0.0241092588108802,0.0301984414583487,0.00756100026253592,0.0581086163180047,0.0331909436005293,0.362042318524575,0.0110686891287044,0.0263343992313736,-0.0221255381393006,-0.0217545643945016,0.0686357871104077
"288",-0.0322833034082233,-0.00651411848052608,-0.0490515418619343,-0.0201224215012996,-0.0272282003452279,-0.0567635679931107,-0.0314325781474089,-0.0235164892886034,-0.0322223226705666,-0.00971789168567694,-0.0826920366507419
"289",0.0203917500904203,-0.000771369243875331,0.00424718133388424,0.0811157486158687,-0.0149014227795607,-0.0121632271504638,0.0197627306858159,-0.00558439576413516,0.0269803984742174,0.00470305177201435,-0.00270884780397385
"290",-0.00815148922003273,-0.00651350643316573,-0.010231783595103,0.0102888654100222,0.000408894264183557,-0.0121459658938224,-0.00543974958684668,0.00506424954940154,0.0218509042628519,0.0251073675201001,0.00370664962209521
"291",0.0701661635033135,0.0823175119907378,0.0799781775587582,0.012142566047332,0.0261544906783726,0.0789168494025494,0.0143577649977713,0.0193067117417387,0.0483365599510548,0.0953209964548301,0.00580892004901412
"292",-0.029644914480825,-0.0368393226714564,-0.0102037432916207,-0.00549528290505796,0.000597421704400913,-0.0553229427678509,-0.0256805338690277,-0.0324002688049833,-0.0131873141564526,-0.051742573594453,0.00573407867905429
"293",-0.00774410874622566,-0.00652226820403856,0.0308172237303399,-0.00389139898641755,-0.00696514776283175,0.0064937976809647,-0.00968533765647916,-0.0386443309342709,-0.0593665547165778,-0.0694491857573677,-0.0313372919652321
"294",-0.0528300555750848,-0.0319811846322801,0.0292579430601421,-0.0265646772121317,-0.0110220388438065,-0.00183664173264542,-0.0324835808416827,-0.00904982591771308,0.0114984678896664,-0.00349741685820448,-0.00817227528291031
"295",0.0518840311172135,0.0221865054486108,0.055941144195319,0.0250421640080218,0.0938197070005815,-0.031941513829975,0.0706139569727497,0.132579390732167,0.0987218514227961,-0.0143261996339925,-0.00789825983444958
"296",0.0294905243510746,0.0163501475330188,0.0137766495459186,0.0352362032013085,-0.00555776241745487,0.0761526852613494,0.00721600324550775,-0.0107004274646936,0.0330159432233847,0.000812125204317171,0.0292623903027693
"297",-0.0353464873934399,-0.000187040122349935,0.00127152799064523,0.0188337497860869,-0.0085692147342088,0.257625433346998,-0.029998441010942,-0.00488836002149096,0.057200139619225,0.00468135567191652,-0.0464921832526801
"298",0.0686810647259615,0.00706064224423053,0.0346221100969444,0.00653279519913808,-0.0131795285900036,0.0241997069865618,0.029679504620322,0.00238455484553746,0.00608563096809411,0.0424536112237657,0.00368326466967517
"299",-0.0105622736834474,-0.0165760667684325,-0.0258141128614973,0.0257355768457168,0.0234120746141657,0.0626911371273777,0.0334818788030786,-0.00285461531497122,0.021754836145893,-0.0194286600636828,-0.0413280664492246
"300",0.0495155284342579,0.0353164484172042,-0.0116263487929612,-0.00324220790601704,-0.00506288215943129,0.0302573982944507,-0.0224036212880767,-0.00625063915866131,0.0039122064461814,0.0632698756490695,0.000820170901951744
"301",0.0246461201238397,0.00793499164945133,-0.0164808364427581,0.0247215193756203,0.000377039739051677,0.0372689635776089,0.0151666167896685,-0.0142601757783768,0.0520163771439639,-0.0197207413157545,-0.0101084072724773
"302",0.0132100943561058,0.00633426391352976,0.014124335466047,-0.00204558946454225,0.033157327720746,0.0924022506084476,0.0358038086103571,0.0654163495847602,0.0283094303516953,0.0510223935244283,0.0382536033307894
"303",-0.00482320840021067,-0.0125888603457109,0.0257839361975565,0.0344951039640569,-0.0685630007176546,0.24707017154353,0.0169017387060266,-0.0149957488902079,0.0999962538432708,-0.0560908163442315,-0.010068718157254
"304",-0.0371830283739089,-0.0317365157733316,-0.0390526904311823,-0.0384694055995392,-0.0465935325413438,-0.061203171217061,0.00162449504031725,-0.0643303601168494,0.0376792736196485,-0.0243338227782189,-0.0103959865289325
"305",0.124115286164738,0.0793791272618565,0.0964679766314809,-0.0225269143336897,0.00164252660535236,0.0661373653040227,0.0354334224038009,-0.00302597330378762,-0.059698977606645,0.11807706474387,0.0346535516470157
"306",-0.0614331128943231,0.0440901274770737,-0.000638701796103147,-0.0133771770390684,-0.00614999476489186,-0.0465372265694028,-0.0197011524861949,-0.0130362170624392,-0.0293598521151218,-0.0318618665828619,0.0354271624518965
"307",0.0221752319077464,0.0117672349390103,0.101131967614553,0.0567385284402731,0.0297030008798669,0.0281134830650058,0.0135825067863067,0.0430027986625137,0.0925271503118987,0.0164737410255682,-0.0118012717272321
"308",-0.0271710224886195,0.0050727204246539,0.012559304061545,-0.0118539880537071,0.00701134330116071,-0.0778300027659887,0.000909698289812244,0.00644182103635904,0.0393471215086161,0.0170828702920296,-0.0335494661898205
"309",-0.055034218346495,-0.0405939446948973,-0.0239636793873624,-0.039376149818762,0.00537091813348622,-0.122302898958341,-0.021988038294331,0.0202502025861553,0.0232402416169881,-0.0199720148234488,-0.00804519246863178
"310",-0.00587942977961298,0.00257214629601554,0.00211640104798949,0.00858423890642102,-0.00870596800573842,-0.0177436834888274,-0.00885074901365657,0.0172552074865078,0.0408191951911112,0.00305773675110199,-0.0643455905251498
"311",-0.0322092378897065,-0.000384877040908282,-0.0116833392591194,-0.00780926861932785,0.0151697015269865,-0.0187343404835328,-0.00830069768035013,0.0212725906087137,-0.0010576542696572,-0.0755357680830376,-0.0292610257962072
"312",0.0369973893877875,0.0168107267182427,0.0213345296189795,0.0639942771460023,0.015460615523315,0.00489915514358152,0.0232720318067614,0.0196949039593612,0.0336368747322409,0.0347326967272226,0.0993585438464131
"313",-0.0241299313653306,-0.000546774877492107,-0.0204233996833461,-0.0520566110968269,0.00331891338714851,-0.0217468181054471,-0.00632083628385804,-0.0736536482765479,-0.0290889254130706,0.0211056569050168,0.0314576820358461
"314",-0.0215440199103161,-0.024118226628442,0.00251800546737679,-0.0304114534179784,0.0342479944636838,-0.040080934939829,0.0290613113868183,0.0180157687534133,0.000723435211656742,-0.0405539458876889,0.0317597627677177
"315",0.0667221300781764,0.0778519631811698,0.0940937107488755,0.027002545778765,0.00244584271935855,0.0556149497942726,-0.00848427747605374,0.0347806234584402,-0.0164453861026811,0.0654472701421747,0.0318786442572794
"316",0.0322908830940023,0.0227691101992678,0.00128624448980141,-0.0313460962223938,-0.00375370428743005,0.0913006472393834,-0.0225536722926981,0.0123591896155226,0.0269485139598216,-0.0127424086864917,-0.00726122658718942
"317",0.0111339064438001,0.0195234815230507,0.0162540516681058,-0.0178435668400228,0.0288243789810927,0.0162380663517765,0.0417084921216408,0.0246418360006329,-0.000238665867757226,-0.0576275412900433,0.0434458477204145
"318",0.000599317756612372,-0.0231023760306444,0.0354159799306697,0.00623569973794869,-0.0186779195239379,-0.0668171805665226,-0.0276726954529255,0.026379396599105,0.0382974553085147,-0.00467676366292114,-0.000911976113400881
"319",-0.0410242214976808,-0.0317802187958066,-0.0187661077701242,0.0114758478778199,0.00765071694012054,-0.0337845329431028,0.0314235059223449,-0.0181623310072897,0.0273189935527565,-0.0206112339625751,-0.0132962599074231
"320",-0.0399801987274081,-0.0303079830916673,-0.0494736483674754,0.00892522044395827,0.000740863594203445,-0.120800646673621,0.00676346072938649,-0.0374328372727579,-0.00900405092912959,-0.0223753755258828,-0.0267096297890489
"321",0.0156390781351612,0.0195872668622861,0.0323826846689972,-0.00322385396243718,0.00240556124142488,-0.0448049523265791,0.0111772214442361,0.0194270530445397,0.0112303647860652,0.0056084806348855,0.0168622680321804
"322",0.0173228916982833,0.0344275586294043,0.0479023213181331,0.0295577503814446,0.0158757685769522,0.0988002092876079,0.000263691326174653,0.011042454687227,0.0251686902297161,0.0300594066829754,0.0342221893264538
"323",-0.0260938807026319,-0.0229829872130536,-0.0137503514983254,-0.0178922124776124,0.0110849847169494,-0.0747661667540385,-0.0179217841731452,0.00458009243563118,0.0616027352677573,-0.0257384990566077,0.0349366228449757
"324",0.0208031142375826,0.0469252010980792,0.0372937414238279,-0.0237757675643909,0.00485257221537627,0.0650792492737409,0.00626368189872939,0.025601675310382,-0.0380222165895258,-0.00441330533660211,0.0283653291239927
"325",0.0450399473120608,0.0142280247640918,-0.000106770480426177,-0.0157275584132688,-0.00976477269139331,0.0106208760295849,-0.0111324557504721,-0.00769406399233563,-0.0332673277462084,0.0227184256159885,-7.25512292502062e-05
"326",0.0122923768695227,0.0221924458650016,0.00621388410880264,0.0363015510496869,-0.0101911400701463,0.102530003161531,-0.0111972344865122,0.0176180662260199,0.0200553304216604,0.0395713813024952,-0.0198879401368783
"327",0.0289333625378945,0.0184108616916046,-0.000453028571428593,0.182634689990025,-0.0079058903685475,-0.00279491326897097,0.0158537979194633,-0.004614018516373,0.0169220897754589,0.0298806703079979,0.023395786810388
"328",0.0571138374640776,0.0233431367287453,0.0251052264460967,0.0189873206863402,0.00926607141746638,-0.0309328143363893,0.0228367934611442,0.0141187119223163,-0.00861359044347521,0.00457323181131875,0.0300373882044973
"329",0.00882058486005577,0.0101100121022055,0.0115640323015012,-0.00714286794212904,0.035622661670039,-0.0193774195705129,-0.00972026558590677,0.0404662172764569,-0.0187218729518527,-0.010578719749943,0.014401042946615
"330",0.0148234990197962,0.0317721439887495,0.0476096554492427,0.0407256035812369,0.0108155919587964,-0.00130389304964396,0.0219512681662497,0.00362732823697165,0.0253564462767739,-0.0280968208334627,0.00991301535411293
"331",-0.0181745844368884,-0.0164326167689413,0.0128669850232457,0.00691282188909081,0.000350734433539612,0.068109011112734,0.0023865546649533,-0.0105613660614492,0.00221889068454706,0.0041909045481352,-0.00862391791605532
"332",0.00342089918353961,0.0159699696851447,0.00751146947696646,0.0315802271519143,-0.00683850911581552,0.0173166793286283,0.00528457692940698,-0.0202525052523476,0.0613797702344483,0.00575763850241806,-0.00240443206155361
"333",0.0202546471800082,0.0117115217577572,0.0146531608443132,-0.00642350190570484,0.0104166647440702,0.0258475074854094,0.018138831801003,-0.0349330489165264,0.0323958428327507,-0.00889444838484943,0.0028359076507527
"334",-0.00610316106238207,0.0412928951570741,-0.00216361304129742,-0.0227155418210127,-0.0103092764673558,-0.0514662274369244,0.0180991461436248,-0.00554485662395732,-0.0362968214493733,0.0600093483876549,0.0279227648639369
"335",0.00276653359022894,-0.0152449057846076,0.047839028801268,0.000396607556789386,-0.0174787462032719,0.0465410813863874,-0.0305527080801407,0.00574865145198089,0.0601712528973839,0.0220157582832088,-0.0182929203175509
"336",0.0383580665539816,0.00473771159807668,-0.00183672678309954,-0.0255997313372792,0.0194069866173741,0.0304106916572944,0.0122014646330866,-0.0325755364749136,-0.0152050905654035,0.0565555839144152,0.0578283312979426
"337",-0.0307841154314797,-0.0137810906508379,-0.00978852702578581,-0.0230876802794002,-0.0116340352398475,0.0128549737448163,-0.0527880092793522,-0.00213213333210904,-0.00498398947322232,-0.00209989490644513,-0.0245025440767591
"338",-0.0441994010347504,-0.00905752610947785,-0.0253842650024622,-0.0330366631815885,-0.0285714578700161,-0.0172678583091713,-0.0120023280661842,-0.020389225872103,-0.0760640369185205,-0.0235198043704047,-0.0116085264203476
"339",0.0170000537178709,-0.000441664345185777,0.0169587407243934,-0.0402594129939192,-0.00832404859564306,0.0838024696322877,-0.00390703338023668,0.0433992711803171,0.057334618822491,0.0299081073446932,-0.054299909463722
"340",-0.0428560868742953,-0.0375974101849583,-0.052544131257338,-0.00607915396428627,-0.0115650583668175,-0.0124216733580202,-0.0242078342350642,-0.0212109024344567,-0.0641803970969966,0.0180716130010223,-0.0323603743152207
"341",0.0263763381397801,0.039278317513354,0.0393125890789656,0.0213399705662412,0.0234006106838063,0.0133200294299631,0.00646904383644431,0.00169096605176411,0.0296404773188941,0.0392641136029481,-0.0136861668869813
"342",0.0261887333374327,0.0443869213338797,0.0278157635096838,0.0608862721591741,-0.00534758744403407,0.0987069850527433,-0.000811273973778004,0.0246102352084854,0.0738500440733729,0.0174310943217084,0.0244647721085314
"343",0.0142611930611873,0.00273349370311493,-0.0373376430542521,0.0300445968162633,0.00537633788098124,0.177850996792192,0.0247314573680544,0.0140039114883657,0.00256225902617957,0.0528081313093653,0.0618654286463187
"344",0.00215315186651743,0.0689319367586512,0.0440168773119729,0.0128486572943118,0.0357735555899392,0.179273309221845,-0.00646014623589808,-0.0915853825361768,0.0047016793398631,0.0141589649261413,-0.00871439885344316
"345",0.0114091617846581,0.0231350305713105,0.0385653514107758,0.0331872085596805,0.00284848600270204,-0.0377713070751421,-0.000920191220675659,0.0377952504528802,-0.0200624069514169,-0.043630770206737,-0.0118397738981124
"346",-0.00292460684744,-0.00272994349113387,-0.00388516467506084,-0.0174571625021389,0.00514830144806822,-0.128596503578348,0.00399093959887131,-0.0354495509827547,-0.00864474765145162,0.0427968447101663,-0.0655043605924132
"347",0.0734667292857734,0.0130379713386617,-0.0144827557589728,0.0319218118254332,-0.0203108728419122,0.141584173326095,-0.0169640998914223,-0.0787564562198091,-0.0213680758727994,-0.0296321441659481,-0.0110172609230289
"348",0.0265804958622222,-0.0271899216640394,-0.0301055005385367,-0.0286961277453105,-0.0471111954917068,-0.0104678627295264,-0.0236068140229035,-0.00925447807617152,-0.0382926457370848,-0.0262439133572103,0.0188255258023431
"349",0.0355716764593295,0.0130976726603937,0.0378582690674052,0.0139320672750511,0.0526214664784792,-0.0812484513675491,0.0476497393321944,0.0701862915736473,0.0557271589323893,-0.0254245309079472,0.0545944022513489
"350",0.0184016668914613,-0.0196464038493834,-0.0228323106764652,-0.0343860579085259,0.0469118518274292,-0.0886522949019506,0.0424216058837239,0.0125861399685845,-0.0282172225393217,-0.0441031143103152,-0.012282633076535
"351",-0.00768661289079142,-0.00319790564022604,-0.00301926943121977,0.00743657657702812,-0.000519014312073129,-0.0208448628168585,-0.0180867695706523,0.0257168479686145,-0.0218609746593861,0.0115888110434759,0.0162393593485015
"352",0.0369385885399611,0.0447921340022914,0.0221819157766983,0.0129027777200685,0.0204257460839847,0.15733115390799,0.0259553256425518,0.0129537983315131,0.0154606507487791,0.0092904766877242,0.0448615978425608
